{
  "config": {
    "abort": {
      "forgot_password": "The Forgot Password page was detected. This normally is the result of too may failed logins. Amazon may require action before a relogin can be attempted.",
      "login_failed": "Alexa Media Player failed to login.",
      "reauth_successful": "Alexa Media Player successfully reauthenticated. Please ignore the \"Aborted\" message from HA."
    },
    "error": {
      "connection_error": "Error connecting; check network and retry",
      "identifier_exists": "Email for Alexa URL already registered",
      "invalid_credentials": "Invalid credentials",
      "invalid_url": "URL is invalid: {message}",
      "2fa_key_invalid": "Invalid Authenticator App key for Amazon 2SV",
      "unable_to_connect_hass_url": "Unable to connect to Home Assistant Local URL. Please check the URL under Settings > System > Network > Home Assistant URL > Local network",
      "unknown_error": "Unknown error: {message}"
    },
    "step": {
      "user": {
        "data": {
          "url": "Amazon region domain (e.g., amazon.co.uk)",
          "email": "Email Address",
          "password": "Password",
          "securitycode": "[%key_id:55616596%]",
          "otp_secret": "Amazon 2SV Authenticator App Key",
          "hass_url": "Local network URL to access Home Assistant",
          "public_url": "Public URL shared with external hosted services",
          "include_devices": "Only include these devices (comma separated)",
          "exclude_devices": "or Exclude these devices from all (comma separated)",
          "scan_interval": "Scheduled polling interval (seconds)",
          "queue_delay": "Delay to queue multiple commands together (seconds)",
          "extended_entity_discovery": "Include devices connected via Echo",
          "debug": "Advanced debugging"
        },
        "description": "Required *",
        "title": "Alexa Media Player - Configuration"
      },
      "proxy_warning": {
        "data": {
          "proxy_warning": "Ignore and Continue - I understand that no support for login issues are provided for bypassing this warning."
        },
        "description": "The HA server cannot connect to the URL provided: {hass_url}.\n> {error}\n\nTo fix this, please confirm your browser can reach {hass_url}. This field is from Settings > System > Network > Home Assistant URL.\n\nIf you are **certain** your browser can reach this URL, you can bypass this warning.",
        "title": "Alexa Media Player - Unable to Connect to HA URL"
      },
      "totp_register": {
        "data": {
          "registered": "Yes, OTP code was verified"
        },
        "description": "**{email} - alexa.{url}**  \nHave you verified the OTP code in Amazon 2SV?  \n >OTP Code: {message}",
        "title": "Alexa Media Player - OTP Confirmation"
      }
    }
  },
  "options": {
    "step": {
      "init": {
        "data": {
          "public_url": "Public URL shared with external hosted services",
          "include_devices": "Only include these devices (comma separated)",
          "exclude_devices": "or Exclude these devices from all (comma separated)",
          "scan_interval": "Scheduled polling frequency (seconds)",
          "queue_delay": "Delay to queue multiple commands together (seconds)",
          "extended_entity_discovery": "Include devices connected via Echo",
          "debug": "Advanced debugging"
        },
        "description": "Required *",
        "title": "Alexa Media Player - Reconfiguration"
      }
    }
  },
  "services": {
    "force_logout": {
      "name": "Force Logout",
      "description": "Force account to logout. Used mainly for debugging.",
      "fields": {
        "email": {
          "name": "Email address",
          "description": "Accounts to clear. Empty will clear all."
        }
      }
    },
    "restore_volume": {
      "description": "Restore previous volume level on Alexa media player device",
      "fields": {
        "entity_id": {
          "description": "Entity to restore the previous volume level on",
          "name": "Select media player:"
        }
      },
      "name": "Restore Previous Volume"
    },
    "update_last_called": {
      "name": "Update Last Called Sensor",
      "description": "Forces update of last_called echo device for each Alexa account.",
      "fields": {
        "email": {
          "name": "Email address",
          "description": "List of Alexa accounts to update. If empty, will update all known accounts."
        }
      }
    }
  },
  "issues": {
    "deprecated_yaml_configuration": {
      "title": "YAML configuration is deprecated",
      "description": "YAML configuration of Alexa Media Player is deprecated\nand will be removed in version 4.14.0.\nThere will be no automatic import of this.\nPlease remove it from your configuration, restart Home Assistant and use the UI to configure it instead.\nSettings > Devices & services > Integrations > ADD INTEGRATION"
    }
  }
}
