{
  "config": {
    "abort": {
      "forgot_password": "Die \"Passwort vergessen Seite\" wurde erkannt. Amazon verlangt möglicherweise Maßnahmen bevor ein erneuter Anmeldeversuch unternommen werden kann.",
      "login_failed": "Alexa Media Player konnte nicht angemeldet werden.",
      "reauth_successful": "Alexa Media Player erfolgreich authentifiziert"
    },
    "error": {
      "2fa_key_invalid": "Ungültiger 2-Faktor Schlüssel",
      "connection_error": "Verbindungsfehler; Netzwerk prüfen und erneut versuchen",
      "identifier_exists": "Diese E-Mail-Adresse ist bereits registriert",
      "invalid_credentials": "Ungültige Zugangsdaten",
      "invalid_url": "URL ist ungültig: {message}",
      "unable_to_connect_hass_url": "Es kann keine Verbindung zur Home Assistant-URL hergestellt werden. Bitte überprüfen Sie die externe URL unter Konfiguration -> Allgemein",
      "unknown_error": "Unbekannter Fehler: {message}"
    },
    "step": {
      "proxy_warning": {
        "data": {
          "proxy_warning": "Ignorieren und Fortfahren - Ich verstehe, dass keine Unterstützung für Anmeldeprobleme beim Umgehen dieser Warnung angeboten wird."
        },
        "description": "Der HA-Server kann keine Verbindung zur bereitgestellten URL herstellen: {hass_url}.\n> {error}\n\nUm dies zu beheben, bestätigen Sie bitte, dass Ihr **HA-Server** {hass_url} erreichen kann. Dieses Feld stammt aus der externen URL unter Konfiguration -> Allgemein, aber Sie können auch Ihre interne URL ausprobieren.\n\nWenn Sie **sicher** sind, dass Ihr Client diese URL erreichen kann, können Sie diese Warnung ignorieren und fortsetzen.",
        "title": "Alexa Media Player - Keine Verbindung zur Home Assistant-URL möglich"
      },
      "totp_register": {
        "data": {
          "registered": "OTP aus dem integrierten 2FA-App-Schlüssel erfolgreich bestätigt."
        },
        "description": "**{email} - alexa.{url}** \nHaben Sie erfolgreich einen OTP-Code aus dem integrierten 2FA-App-Schlüssel mit Amazon bestätigt?\n >OTP-Code {message}",
        "title": "Alexa Media Player - OTP-Bestätigung"
      },
      "user": {
        "data": {
          "debug": "Erweitertes Debugging",
          "email": "E-Mail-Adresse",
          "exclude_devices": "Ausgeschlossene Geräte (Komma getrennt)",
          "extended_entity_discovery": "Über Echo verbundene Geräte einbeziehen",
          "hass_url": "Home Assistant-URL",
          "include_devices": "Eingebundene Geräte (Komma getrennt)",
          "otp_secret": "Integrierter 2FA-App-Schlüssel (automatisch generierte 2FA-Code)",
          "password": "Passwort",
          "queue_delay": "Zu wartende Sekunden, um Befehle in die Warteschlange zu stellen",
          "scan_interval": "Sekunden zwischen den Scans",
          "securitycode": "2FA-Code (empfohlen, um Anmeldeprobleme zu vermeiden)",
          "url": "Amazon Region (z.B. amazon.de)"
        },
        "description": "Bitte geben Sie Ihre Informationen ein.",
        "title": "Alexa Media Player - Konfiguration"
      }
    }
  },
  "options": {
    "step": {
      "init": {
        "data": {
          "debug": "Erweitertes Debugging",
          "exclude_devices": "Ausgeschlossene Geräte (Komma getrennt)",
          "extended_entity_discovery": "Schließen Sie Geräte ein, die über Echo verbunden sind",
          "hass_url": "Öffentliche URL für den Zugriff auf Home Assistant (einschließlich '/' am Ende)",
          "include_devices": "Eingebundene Geräte (Komma getrennt)",
          "public_url": "Öffentliche URL für den Zugriff auf Home Assistant (einschließlich '/' am Ende)",
          "queue_delay": "Zu wartende Sekunden, um Befehle in die Warteschlange zu stellen",
          "scan_interval": "Sekunden zwischen den Scans"
        },
        "description": "Erforderlich *",
        "title": "Alexa Media Player - Rekonfikuration"
      }
    }
  },
  "services": {
    "clear_history": {
      "description": "Lösche letzte Einträge der Alexa Stimmbefehl-Historie für jeden Alexa Account.",
      "fields": {
        "email": {
          "description": "Zu löschende Accounts. Falls leer, werden alle gelöscht.",
          "name": "E-Mail-Adresse"
        },
        "entries": {
          "description": "Zu löschende Einträge von 1 bis 50. Falls leer, lösche 50.",
          "name": "Anzahl der Einträge"
        }
      },
      "name": "Lösche Alexa Stimmbefehl-Historie."
    },
    "force_logout": {
      "description": "Logout erzwingen. Primär für Debugging genutzt.",
      "fields": {
        "email": {
          "description": "Zu löschende Accounts. Falls leer werden alle gelöscht.",
          "name": "E-Mail-Adresse"
        }
      },
      "name": "Logout erzwingen"
    },
    "update_last_called": {
      "description": "Erzwinge Updates der zuletzt aufgerufenen Echo Geräte für jeden Alexa Account.",
      "fields": {
        "email": {
          "description": "Liste der zu aktualisierenden Alexa-Konten. Wenn leer, werden alle bekannten Konten aktualisiert.",
          "name": "E-Mail-Adresse"
        }
      },
      "name": "Aktualisiere den zuletzt aufgerufenen Sensor"
    }
  }
}
