{
  "config": {
    "abort": {
      "forgot_password": "È stata rilevata la pagina di password dimenticata. Normalmente questo è il risultato di troppi accessi falliti. Amazon potrebbe richiedere di eseguire alcune azioni prima di poter tentare un nuovo accesso.",
      "login_failed": "Alexa Media Player ha fallito il login.",
      "reauth_successful": "Alexa Media Player è stato riautenticato con successo. Ignorare il messaggio \"Abortito\" da HA"
    },
    "error": {
      "2fa_key_invalid": "Chiave 2FA incorporata non valida",
      "connection_error": "Errore durante la connessione; controlla la rete e riprova",
      "identifier_exists": "L'email per l'URL di Alexa è già stata registrata",
      "invalid_credentials": "Credenziali non valide",
      "invalid_url": "URL non valido: {message}",
      "unable_to_connect_hass_url": "Impossibile collegarsi all'URL di Home Assistant. Controllare l'URL esterno nel menu Configurazione -> Generale",
      "unknown_error": "Errore sconosciuto:{message}"
    },
    "step": {
      "proxy_warning": {
        "data": {
          "proxy_warning": "Ignore and Continue - I understand that no support for login issues are provided for bypassing this warning."
        },
        "description": "The HA server cannot connect to the URL provided: {hass_url}.\n> {error}\n\nTo fix this, please confirm your **HA server** can reach {hass_url}. This field is from the External Url under Configuration -> General but you can try your internal url.\n\nIf you are **certain** your client can reach this url, you can bypass this warning.",
        "title": "Alexa Media Player - Impossibile connettersi all'URL HA"
      },
      "totp_register": {
        "data": {
          "registered": "Password usa e getta (OTP) dalla chiave dell'applicazione 2FA integrata confermata con successo."
        },
        "description": "**{email} - alexa.{url}**\nHai confermato con successo una chiave usa e getta (OTP) dall'applicazione 2FA integrata con Amazon?\n>Codice OTP {message}",
        "title": "Alexa Media Player - Conferma OTP"
      },
      "user": {
        "data": {
          "debug": "Debug avanzato",
          "email": "Indirizzo email",
          "exclude_devices": "Dispositivi da escludere (separati da virgola)",
          "extended_entity_discovery": "Includi dispositivi collegati tramite Echo",
          "hass_url": "URL per accedere a Home Assistant",
          "include_devices": "Dispositivi da includere (separati da virgola)",
          "otp_secret": "Chiave app 2FA integrata (genera automaticamente codici 2FA). Questo non è lungo sei cifre.",
          "password": "Password",
          "queue_delay": "Secondi di attesa per accodare i comandi insieme",
          "scan_interval": "Tempo in secondi fra le scansioni",
          "securitycode": "Codice 2FA (raccomandato per evitare problemi di login)",
          "url": "Regione del dominio Amazon (ad es., amazon.it)"
        },
        "description": "Confermare le informazioni di seguito. Per la configurazione legacy, disabilitare l'opzione \"Utilizza metodo proxy di accesso\".",
        "title": "Alexa Media Player - Configurazione"
      }
    }
  },
  "options": {
    "step": {
      "init": {
        "data": {
          "debug": "Debug avanzato",
          "exclude_devices": "Dispositivi da escludere (separati da virgola)",
          "extended_entity_discovery": "Includi i dispositivi collegati tramite Echo",
          "hass_url": "URL pubblico per accedere a Home Assistant (incluso il '/' finale)",
          "include_devices": "Dispositivi da includere (separati da virgola)",
          "public_url": "URL pubblico per accedere a Home Assistant (incluso il '/' finale)",
          "queue_delay": "Secondi di attesa per accodare i comandi insieme",
          "scan_interval": "Tempo in secondi fra le scansioni"
        },
        "description": "Necessario *",
        "title": "Alexa Media Player - Riconfigurazione"
      }
    }
  },
  "services": {
    "clear_history": {
      "description": "Elimina gli ultimi elementi dalla cronologia voce Alexa per ogni account.",
      "fields": {
        "email": {
          "description": "Account da eliminare. Se vuoto, verranno cancellati tutti.",
          "name": "Indirizzo email"
        },
        "entries": {
          "description": "Numero di elementi da eliminare da 1 a 50. Se vuoto, ne verranno eliminati 50.",
          "name": "Numero di Elementi"
        }
      },
      "name": "Cancella cronologia voce Amazon"
    },
    "force_logout": {
      "description": "Forza logout dell'account. Usato principalmente per il debugging.",
      "fields": {
        "email": {
          "description": "Account da eliminare. Se vuoto, verranno cancellati tutti.",
          "name": "Indirizzo email"
        }
      },
      "name": "Forza Logout"
    },
    "update_last_called": {
      "description": "Forza l'aggiornamento del dispositivo echo last_called per ogni account Alexa.",
      "fields": {
        "email": {
          "description": "Lista di account Alexa da aggiornare. Se vuoto, verranno aggiornati tutti.",
          "name": "Indirizzo email"
        }
      },
      "name": "Aggiorna sensore last_called"
    }
  }
}
