{
  "config": {
    "abort": {
      "forgot_password": "De pagina wachtwoord vergeten is gedetecteerd. Dit is normaal gesproken het gevolg van te veel mislukte aanmeldingen. Amazon kan actie vereisen voordat opnieuw kan worden ingelogd.",
      "login_failed": "Het inloggen van Alexa Mediaspeler is mislukt.",
      "reauth_successful": "Alexa Mediaspeler is met succes opnieuw geverifieerd. Negeer a.u.b. het bericht \"Afgebroken\" van HA."
    },
    "error": {
      "2fa_key_invalid": "Ongeldige ingebouwde 2FA sleutel",
      "connection_error": "Fout bij verbinding; controleer netwerk en probeer opnieuw",
      "identifier_exists": "Dit e-mailadres voor Alexa URL is al geregistreerd",
      "invalid_credentials": "Ongeldige inloggegevens",
      "invalid_url": "De URL is ongeldig: {message}",
      "unable_to_connect_hass_url": "Kan geen verbinding maken met de Home Assistant url. Controleer de externe url onder Configuratie - > Algemeen",
      "unknown_error": "Onbekende fout: {message}"
    },
    "step": {
      "proxy_warning": {
        "data": {
          "proxy_warning": "Negeren en doorgaan - Ik begrijp dat er geen ondersteuning wordt geboden bij inlogproblemen wanneer ik deze waarschuwing  omzeil."
        },
        "description": "De HA server kan geen verbinding maken met de opgegeven URL: {hass_url}.\n> {error}\n\nOm dit op te lossen, moet u bevestigen dat uw **HA server** {hass_url} kan bereiken. Dit veld is  afkomstig van de externe url onder Configuratie -> Algemeen, maar je kunt ook de interne url proberen.\n\nAls je er **zeker** van bent dat jouw client deze url kan bereiken, dan kun je deze waarschuwing negeren.",
        "title": "Alexa Mediaspeler - Kan geen verbinding maken met HA URL"
      },
      "totp_register": {
        "data": {
          "registered": "OTP van de ingebouwde 2FA App Key is succesvol bevestigd."
        },
        "description": "**{email} -Alexa.{url}**\nHeb je met succes een OTP van de ingebouwde 2FA App Key met Amazon bevestigd?  \n >OTP-code {message}",
        "title": "Alexa Mediaspeler - OTP Bevestiging"
      },
      "user": {
        "data": {
          "debug": "Geavanceerde foutopsporing",
          "email": "E-mailadres",
          "exclude_devices": "Uitgesloten apparaten (Scheiding: komma)",
          "extended_entity_discovery": "Inclusief apparaten verbonden via Echo",
          "hass_url": "URL voor toegang tot Home Assistant",
          "include_devices": "Inbegrepen apparaten (Scheiding: komma)",
          "otp_secret": "Ingebouwde 2FA App Key (genereert automatisch 2FA-codes). Deze is niet zes cijfers lang.",
          "password": "Wachtwoord",
          "queue_delay": "Aantal seconden wachten om opdrachten in de wachtrij te groeperen",
          "scan_interval": "Aantal seconden tussen scans",
          "securitycode": "2FA sleutel (aanbevolen om inlogproblemen te voorkomen)",
          "url": "Domeinnaam van Amazon regio (bijv: amazon.co.uk)"
        },
        "description": "Bevestig de onderstaande informatie. Schakel voor oudere configuraties de optie 'Inlogproxymethode gebruiken' uit.",
        "title": "Alexa Mediaspeler - Configuratie"
      }
    }
  },
  "options": {
    "step": {
      "init": {
        "data": {
          "debug": "Geavanceerde foutopsporing",
          "exclude_devices": "Uitgesloten apparaten (Scheiding: komma)",
          "extended_entity_discovery": "Inclusief apparaten verbonden via Echo",
          "hass_url": "Openbare URL voor toegang tot Home Assistant (inclusief afsluitende '/')",
          "include_devices": "Inbegrepen apparaten (Scheiding: komma)",
          "public_url": "Openbare URL voor toegang tot Home Assistant (inclusief afsluitende '/')",
          "queue_delay": "Aantal seconden wachten om opdrachten in de wachtrij te groeperen",
          "scan_interval": "Aantal seconden tussen scans"
        },
        "description": "Vereist *",
        "title": "Alexa Mediaspeler - Herconfiguratie"
      }
    }
  },
  "services": {
    "clear_history": {
      "description": "Wis de laatste items uit de Alexa stemgeschiedenis voor elk Alexa account.",
      "fields": {
        "email": {
          "description": "Accounts om te wissen. Als het veld leeg is, wordt alles gewist.",
          "name": "E-mailadres"
        },
        "entries": {
          "description": "Aantal items om te wissen van 1 tot 50. Als het veld leeg is, verwijder er dan 50.",
          "name": "Aantal items"
        }
      },
      "name": "Wis Amazon stemgeschiedenis"
    },
    "force_logout": {
      "description": "Forceer account om uit te loggen. Voornamelijk gebruikt voor foutopsporing.",
      "fields": {
        "email": {
          "description": "Accounts om te wissen. Als het veld leeg is, wordt alles gewist.",
          "name": "E-mailadres"
        }
      },
      "name": "Uitloggen forceren"
    },
    "update_last_called": {
      "description": "Forceert update van last_called echo apparaat voor elk Alexa-account.",
      "fields": {
        "email": {
          "description": "Lijst met Alexa accounts om bij te werken. Als het veld leeg is, worden alle bekende accounts bijgewerkt.",
          "name": "E-mailadres"
        }
      },
      "name": "Laatst opgeroepen sensor bijwerken"
    }
  }
}
