{
  "config": {
    "abort": {
      "forgot_password": "Обнаружена страница «Забыли пароль». Обычно это является результатом неудачных попыток входа в систему. Amazon может потребовать действия, прежде чем будет предпринята попытка повторного входа.",
      "login_failed": "Алекса Медиа Проигрыватель логин не удался.",
      "reauth_successful": "Алекса Медиа Проигрыватель успешно прошел повторную аутентификацию. Пожалуйста, игнорируйте сообщение «Прервано» от HA."
    },
    "error": {
      "2fa_key_invalid": "Неверный встроенный ключ 2FA",
      "connection_error": "Ошибка подключения; проверьте сеть и повторите попытку",
      "identifier_exists": "Электронная почта для Alexa уже зарегистрирована",
      "invalid_credentials": "Неверные учетные данные",
      "invalid_url": "Недопустимый URL-адрес: {message}",
      "unable_to_connect_hass_url": "Не удалось подключиться к URL-адресу Home Assistant. Проверьте внешний URL-адрес в разделе «Конфигурация» - > «Общие».",
      "unknown_error": "Неизвестная ошибка: {message}"
    },
    "step": {
      "proxy_warning": {
        "data": {
          "proxy_warning": "Игнорировать и продолжить. Я понимаю, что для обхода этого предупреждения не предоставляется никакой поддержки при проблемах со входом в систему."
        },
        "description": "Homa Assistant сервер не может подключиться по указанному адресу: {hass_url}.\n> {error}\nЧтобы это исправить, подтвердите, что ваш **сервер высокой доступности** может подключаться к домену {hass_url} . Это поле взято из внешнего URL-адреса в разделе «Конфигурация» -> «Общие», но вы можете попробовать свой внутренний URL-адрес.\n\nЕсли вы **уверены**, что ваш клиент может получить доступ к этому URL-адресу, вы можете обойти это предупреждение.",
        "title": "Алекса Медиа Проигрыватель - не может подключиться к Home Assistant адресу"
      },
      "totp_register": {
        "data": {
          "registered": "OTP от встроенного ключа приложения 2FA успешно подтвержден."
        },
        "description": "**{email} - Алекса .{url}**  \nВы успешно подтвердили OTP от встроенного ключа приложения 2FA с Amazon?\n  >ОТП-кодe {message}",
        "title": "Алекса Медиа Проигрыватель — подтверждение OTP"
      },
      "user": {
        "data": {
          "debug": "Расширенные возможности отладки",
          "email": "Адрес электронной почты",
          "exclude_devices": "Исключенные устройства (через запятую)",
          "extended_entity_discovery": "Включить устройства, подключенные через Echo",
          "hass_url": "URL-адрес для доступа к Home Assistant",
          "include_devices": "Включенные устройства (разделенное запятыми)",
          "otp_secret": "Встроенный ключ приложения 2FA (автоматически генерирует коды 2FA). Это не шесть цифр.",
          "password": "Пароль",
          "queue_delay": "Секунды ожидания, чтобы выполнить команды вместе",
          "scan_interval": "Секунды между сканированиями",
          "securitycode": "[%key_id:55616596%]",
          "url": "Домен региона Amazon (например, amazon.co.uk)"
        },
        "description": "Пожалуйста, подтвердите информацию ниже. Для устаревшей конфигурации отключите опцию «Использовать метод прокси-сервера для входа».",
        "title": "Alexa Media Player - Конфигурация"
      }
    }
  },
  "options": {
    "step": {
      "init": {
        "data": {
          "debug": "Расширенные возможности отладки",
          "exclude_devices": "Исключенные устройства (через запятую)",
          "extended_entity_discovery": "Включить устройства, подключенные через Echo",
          "hass_url": "Публичный URL-адрес для доступа к Home Assistant (включая завершающий '/')",
          "include_devices": "Включенные устройства (разделенное запятыми)",
          "public_url": "Публичный URL-адрес для доступа к Home Assistant (включая завершающий '/')",
          "queue_delay": "Секунды ожидания, чтобы выполнить команды вместе",
          "scan_interval": "Секунды между сканированиями"
        },
        "description": "Необходимый *",
        "title": "Alexa Media Player - Перенастройка"
      }
    }
  },
  "services": {
    "clear_history": {
      "description": "Очистить последнюю сущность из Алекса Голосовой Истории для каждого аккаунта.",
      "fields": {
        "email": {
          "description": "Аккаунты к очистке. Если пустое, то очистить все.",
          "name": "Почтовые адреса"
        },
        "entries": {
          "description": "Количество сущностей для очистки, от 1 до 50. Если пустое, то очистить 50.",
          "name": "Количество сущностей"
        }
      },
      "name": "Очистить Алекса Голосовую Историю"
    },
    "force_logout": {
      "description": "Принудительный выход из аккаунта. В основном используется для отладки.",
      "fields": {
        "email": {
          "description": "Аккаунты для очистки. Если пустое, то будут очищены все.",
          "name": "Почтовые адреса"
        }
      },
      "name": "Принудительный выход"
    },
    "update_last_called": {
      "description": "Принудительное обновление последнего вызванного устройства для каждого аккаунта Алекса.",
      "fields": {
        "email": {
          "description": "Список аккаунтов Алекса для обновления. Если пустое, будут обновлены все аккаунты.",
          "name": "Почтовые адреса"
        }
      },
      "name": "Обновление последнего вызванного сенсора"
    }
  }
}
